,DATE,SVXY
0,2011-10-04,21.05
1,2011-10-05,22.69
2,2011-10-06,23.17
3,2011-10-07,23.34
4,2011-10-10,24.3
5,2011-10-11,24.63
6,2011-10-12,26.34
7,2011-10-13,26.14
8,2011-10-14,27.88
9,2011-10-17,24.81
10,2011-10-18,25.67
11,2011-10-19,23.96
12,2011-10-20,23.75
13,2011-10-21,24.92
14,2011-10-24,26.53
15,2011-10-25,24.73
16,2011-10-26,25.56
17,2011-10-27,28.92
18,2011-10-28,29.39
19,2011-10-31,26.22
20,2011-11-01,22.32
21,2011-11-02,23.06
22,2011-11-03,24.18
23,2011-11-04,23.7
24,2011-11-07,23.86
25,2011-11-08,25.0
26,2011-11-09,20.21
27,2011-11-10,21.45
28,2011-11-11,22.38
29,2011-11-14,21.82
30,2011-11-15,22.05
31,2011-11-16,21.0
32,2011-11-17,19.99
33,2011-11-18,20.62
34,2011-11-21,20.42
35,2011-11-22,20.83
36,2011-11-23,19.89
37,2011-11-25,19.62
38,2011-11-28,20.5
39,2011-11-29,20.89
40,2011-11-30,22.81
41,2011-12-01,23.27
42,2011-12-02,23.38
43,2011-12-05,23.41
44,2011-12-06,23.5
45,2011-12-07,22.78
46,2011-12-08,21.74
47,2011-12-09,23.23
48,2011-12-12,23.06
49,2011-12-13,23.11
50,2011-12-14,23.12
51,2011-12-15,23.98
52,2011-12-16,24.17
53,2011-12-19,24.35
54,2011-12-20,25.86
55,2011-12-21,27.62
56,2011-12-22,27.49
57,2011-12-23,26.85
58,2011-12-27,27.01
59,2011-12-28,25.86
60,2011-12-29,26.51
61,2011-12-30,26.14
62,2012-01-03,27.44
63,2012-01-04,27.95
64,2012-01-05,28.61
65,2012-01-06,29.08
66,2012-01-09,29.48
67,2012-01-10,30.05
68,2012-01-11,29.54
69,2012-01-12,29.95
70,2012-01-13,29.19
71,2012-01-17,29.43
72,2012-01-18,30.49
73,2012-01-19,31.33
74,2012-01-20,32.26
75,2012-01-23,33.07
76,2012-01-24,32.9
77,2012-01-25,34.39
78,2012-01-26,34.25
79,2012-01-27,35.11
80,2012-01-30,34.0
81,2012-01-31,34.06
82,2012-02-01,34.92
83,2012-02-02,35.98
84,2012-02-03,37.91
85,2012-02-06,38.28
86,2012-02-07,38.01
87,2012-02-08,37.19
88,2012-02-09,35.29
89,2012-02-10,32.11
90,2012-02-13,34.84
91,2012-02-14,33.67
92,2012-02-15,31.69
93,2012-02-16,32.85
94,2012-02-17,33.34
95,2012-02-21,33.37
96,2012-02-22,34.24
97,2012-02-23,36.5
98,2012-02-24,35.1
99,2012-02-27,34.83
100,2012-02-28,35.18
101,2012-02-29,35.73
102,2012-03-01,36.42
103,2012-03-02,36.18
104,2012-03-05,36.25
105,2012-03-06,33.4
106,2012-03-07,35.03
107,2012-03-08,36.36
108,2012-03-09,37.09
109,2012-03-12,38.77
110,2012-03-13,40.6
111,2012-03-14,39.19
112,2012-03-15,39.71
113,2012-03-16,39.82
114,2012-03-19,42.26
115,2012-03-20,44.17
116,2012-03-21,46.3
117,2012-03-22,45.67
118,2012-03-23,48.86
119,2012-03-26,53.51
120,2012-03-27,48.24
121,2012-03-28,47.63
122,2012-03-29,47.92
123,2012-03-30,49.06
124,2012-04-02,49.1
125,2012-04-03,48.24
126,2012-04-04,47.1
127,2012-04-05,46.03
128,2012-04-09,43.22
129,2012-04-10,39.72
130,2012-04-11,40.71
131,2012-04-12,44.29
132,2012-04-13,41.55
133,2012-04-16,42.2
134,2012-04-17,44.5
135,2012-04-18,43.71
136,2012-04-19,43.38
137,2012-04-20,44.79
138,2012-04-23,43.34
139,2012-04-24,44.31
140,2012-04-25,47.08
141,2012-04-26,48.67
142,2012-04-27,48.78
143,2012-04-30,47.69
144,2012-05-01,49.1
145,2012-05-02,48.74
146,2012-05-03,47.71
147,2012-05-04,45.57
148,2012-05-07,46.21
149,2012-05-08,45.82
150,2012-05-09,44.0
151,2012-05-10,45.41
152,2012-05-11,44.68
153,2012-05-14,42.04
154,2012-05-15,40.0
155,2012-05-16,38.51
156,2012-05-17,36.66
157,2012-05-18,34.2
158,2012-05-21,37.9
159,2012-05-22,36.38
160,2012-05-23,37.08
161,2012-05-24,36.75
162,2012-05-25,37.22
163,2012-05-29,38.91
164,2012-05-30,36.29
165,2012-05-31,35.6
166,2012-06-01,32.65
167,2012-06-04,34.06
168,2012-06-05,34.7
169,2012-06-06,37.27
170,2012-06-07,37.65
171,2012-06-08,39.67
172,2012-06-11,36.22
173,2012-06-12,36.68
174,2012-06-13,34.76
175,2012-06-14,36.99
176,2012-06-15,38.46
177,2012-06-18,41.74
178,2012-06-19,42.48
179,2012-06-20,44.24
180,2012-06-21,38.92
181,2012-06-22,43.04
182,2012-06-25,39.87
183,2012-06-26,41.16
184,2012-06-27,40.78
185,2012-06-28,42.07
186,2012-06-29,44.92
187,2012-07-02,47.76
188,2012-07-03,48.72
189,2012-07-05,46.92
190,2012-07-06,47.24
191,2012-07-09,47.72
192,2012-07-10,46.4
193,2012-07-11,47.78
194,2012-07-12,47.31
195,2012-07-13,50.08
196,2012-07-16,50.65
197,2012-07-17,52.46
198,2012-07-18,51.9
199,2012-07-19,53.08
200,2012-07-20,50.25
201,2012-07-23,46.74
202,2012-07-24,44.97
203,2012-07-25,45.42
204,2012-07-26,48.94
205,2012-07-27,50.13
206,2012-07-30,49.08
207,2012-07-31,47.63
208,2012-08-01,48.66
209,2012-08-02,49.75
210,2012-08-03,53.23
211,2012-08-06,54.44
212,2012-08-07,52.85
213,2012-08-08,55.01
214,2012-08-09,55.22
215,2012-08-10,56.21
216,2012-08-13,57.74
217,2012-08-14,54.76
218,2012-08-15,54.77
219,2012-08-16,55.87
220,2012-08-17,57.35
221,2012-08-20,57.4
222,2012-08-21,55.84
223,2012-08-22,55.43
224,2012-08-23,54.28
225,2012-08-24,56.44
226,2012-08-27,56.12
227,2012-08-28,55.06
228,2012-08-29,54.79
229,2012-08-30,53.66
230,2012-08-31,55.26
231,2012-09-04,55.83
232,2012-09-05,57.24
233,2012-09-06,63.29
234,2012-09-07,66.86
235,2012-09-10,63.06
236,2012-09-11,63.34
237,2012-09-12,65.0
238,2012-09-13,69.72
239,2012-09-14,67.33
240,2012-09-17,67.68
241,2012-09-18,69.45
242,2012-09-19,69.57
243,2012-09-20,70.26
244,2012-09-21,70.68
245,2012-09-24,71.64
246,2012-09-25,66.28
247,2012-09-26,63.63
248,2012-09-27,69.47
249,2012-09-28,67.37
250,2012-10-01,66.73
251,2012-10-02,68.07
252,2012-10-03,68.32
253,2012-10-04,69.95
254,2012-10-05,70.87
255,2012-10-08,70.08
256,2012-10-09,67.03
257,2012-10-10,67.79
258,2012-10-11,68.44
259,2012-10-12,68.0
260,2012-10-15,70.32
261,2012-10-16,71.89
262,2012-10-17,72.85
263,2012-10-18,72.95
264,2012-10-19,68.36
265,2012-10-22,69.24
266,2012-10-23,63.68
267,2012-10-24,63.14
268,2012-10-25,64.77
269,2012-10-26,64.94
270,2012-10-31,63.55
271,2012-11-01,68.68
272,2012-11-02,66.88
273,2012-11-05,65.59
274,2012-11-06,67.86
275,2012-11-07,62.46
276,2012-11-08,61.93
277,2012-11-09,61.97
278,2012-11-12,65.97
279,2012-11-13,65.83
280,2012-11-14,63.6
281,2012-11-15,62.91
282,2012-11-16,65.82
283,2012-11-19,71.46
284,2012-11-20,72.62
285,2012-11-21,72.14
286,2012-11-23,75.29
287,2012-11-26,75.91
288,2012-11-27,74.23
289,2012-11-28,76.25
290,2012-11-29,77.28
291,2012-11-30,75.77
292,2012-12-03,74.36
293,2012-12-04,72.96
294,2012-12-05,74.17
295,2012-12-06,73.31
296,2012-12-07,75.83
297,2012-12-10,74.91
298,2012-12-11,77.37
299,2012-12-12,75.45
300,2012-12-13,74.01
301,2012-12-14,73.52
302,2012-12-17,76.0
303,2012-12-18,78.84
304,2012-12-19,74.16
305,2012-12-20,72.45
306,2012-12-21,67.7
307,2012-12-24,68.95
308,2012-12-26,65.25
309,2012-12-27,65.21
310,2012-12-28,61.85
311,2012-12-31,65.45
312,2013-01-02,73.46
313,2013-01-03,72.85
314,2013-01-04,74.33
315,2013-01-07,74.3
316,2013-01-08,75.15
317,2013-01-09,75.04
318,2013-01-10,76.91
319,2013-01-11,77.14
320,2013-01-14,78.48
321,2013-01-15,78.45
322,2013-01-16,80.21
323,2013-01-17,79.64
324,2013-01-18,84.64
325,2013-01-22,87.22
326,2013-01-23,89.49
327,2013-01-24,88.96
328,2013-01-25,88.28
329,2013-01-28,85.8
330,2013-01-29,88.51
331,2013-01-30,82.94
332,2013-01-31,82.56
333,2013-02-01,86.73
334,2013-02-04,81.08
335,2013-02-05,84.6
336,2013-02-06,84.99
337,2013-02-07,85.29
338,2013-02-08,86.93
339,2013-02-11,88.15
340,2013-02-12,89.3
341,2013-02-13,88.98
342,2013-02-14,90.23
343,2013-02-15,90.93
344,2013-02-19,94.74
345,2013-02-20,85.51
346,2013-02-21,84.72
347,2013-02-22,87.58
348,2013-02-25,75.34
349,2013-02-26,76.62
350,2013-02-27,81.51
351,2013-02-28,79.12
352,2013-03-01,77.9
353,2013-03-04,81.93
354,2013-03-05,84.57
355,2013-03-06,84.04
356,2013-03-07,85.82
357,2013-03-08,86.95
358,2013-03-11,90.59
359,2013-03-12,88.99
360,2013-03-13,89.49
361,2013-03-14,91.17
362,2013-03-15,91.25
363,2013-03-18,86.53
364,2013-03-19,86.15
365,2013-03-20,91.01
366,2013-03-21,88.28
367,2013-03-22,88.57
368,2013-03-25,89.39
369,2013-03-26,91.98
370,2013-03-27,91.26
371,2013-03-28,91.08
372,2013-04-01,91.18
373,2013-04-02,94.06
374,2013-04-03,90.61
375,2013-04-04,92.15
376,2013-04-05,91.79
377,2013-04-08,94.11
378,2013-04-09,95.42
379,2013-04-10,97.81
380,2013-04-11,98.35
381,2013-04-12,100.1
382,2013-04-15,88.5
383,2013-04-16,92.45
384,2013-04-17,82.44
385,2013-04-18,78.21
386,2013-04-19,83.37
387,2013-04-22,85.64
388,2013-04-23,89.79
389,2013-04-24,89.73
390,2013-04-25,88.66
391,2013-04-26,88.59
392,2013-04-29,89.07
393,2013-04-30,89.98
394,2013-05-01,86.04
395,2013-05-02,89.14
396,2013-05-03,91.05
397,2013-05-06,92.57
398,2013-05-07,93.3
399,2013-05-08,92.79
400,2013-05-09,91.02
401,2013-05-10,91.87
402,2013-05-13,92.57
403,2013-05-14,93.27
404,2013-05-15,92.63
405,2013-05-16,91.63
406,2013-05-17,94.06
407,2013-05-20,92.78
408,2013-05-21,92.11
409,2013-05-22,91.05
410,2013-05-23,90.19
411,2013-05-24,90.28
412,2013-05-28,92.79
413,2013-05-29,91.41
414,2013-05-30,91.5
415,2013-05-31,88.1
416,2013-06-03,88.45
417,2013-06-04,87.49
418,2013-06-05,83.55
419,2013-06-06,84.51
420,2013-06-07,88.55
421,2013-06-10,89.49
422,2013-06-11,83.69
423,2013-06-12,78.68
424,2013-06-13,82.42
425,2013-06-14,80.3
426,2013-06-17,81.49
427,2013-06-18,82.76
428,2013-06-19,82.53
429,2013-06-20,73.39
430,2013-06-21,75.83
431,2013-06-24,71.47
432,2013-06-25,73.32
433,2013-06-26,75.05
434,2013-06-27,78.03
435,2013-06-28,78.45
436,2013-07-01,81.05
437,2013-07-02,79.67
438,2013-07-03,80.86
439,2013-07-05,85.01
440,2013-07-08,88.6
441,2013-07-09,90.51
442,2013-07-10,91.34
443,2013-07-11,93.95
444,2013-07-12,93.01
445,2013-07-15,94.97
446,2013-07-16,92.38
447,2013-07-17,95.44
448,2013-07-18,97.02
449,2013-07-19,99.09
450,2013-07-22,101.42
451,2013-07-23,101.87
452,2013-07-24,100.69
453,2013-07-25,103.02
454,2013-07-26,103.25
455,2013-07-29,102.07
456,2013-07-30,103.83
457,2013-07-31,106.2
458,2013-08-01,109.62
459,2013-08-02,112.48
460,2013-08-05,113.76
461,2013-08-06,110.4
462,2013-08-07,109.0
463,2013-08-08,110.67
464,2013-08-09,109.24
465,2013-08-12,109.69
466,2013-08-13,110.95
467,2013-08-14,109.68
468,2013-08-15,104.11
469,2013-08-16,106.01
470,2013-08-19,103.41
471,2013-08-20,104.08
472,2013-08-21,102.16
473,2013-08-22,104.73
474,2013-08-23,107.16
475,2013-08-26,103.42
476,2013-08-27,94.96
477,2013-08-28,95.04
478,2013-08-29,93.23
479,2013-08-30,92.15
480,2013-09-03,95.41
481,2013-09-04,95.67
482,2013-09-05,97.97
483,2013-09-06,97.22
484,2013-09-09,100.81
485,2013-09-10,104.48
486,2013-09-11,107.83
487,2013-09-12,106.0
488,2013-09-13,107.93
489,2013-09-16,108.58
490,2013-09-17,109.82
491,2013-09-18,114.06
492,2013-09-19,114.5
493,2013-09-20,112.18
494,2013-09-23,111.06
495,2013-09-24,111.15
496,2013-09-25,111.83
497,2013-09-26,113.78
498,2013-09-27,109.2
499,2013-09-30,105.14
500,2013-10-01,108.8
501,2013-10-02,105.53
502,2013-10-03,101.47
503,2013-10-04,101.85
504,2013-10-07,94.31
505,2013-10-08,89.62
506,2013-10-09,92.75
507,2013-10-10,101.56
508,2013-10-11,103.64
509,2013-10-14,102.33
510,2013-10-15,96.04
511,2013-10-16,107.44
512,2013-10-17,113.81
513,2013-10-18,114.33
514,2013-10-21,113.72
515,2013-10-22,113.53
516,2013-10-23,112.73
517,2013-10-24,114.29
518,2013-10-25,114.75
519,2013-10-28,113.89
520,2013-10-29,114.89
521,2013-10-30,113.39
522,2013-10-31,113.99
523,2013-11-01,114.69
524,2013-11-04,117.54
525,2013-11-05,117.96
526,2013-11-06,119.78
527,2013-11-07,115.59
528,2013-11-08,120.25
529,2013-11-11,120.82
530,2013-11-12,121.07
531,2013-11-13,121.49
532,2013-11-14,122.91
533,2013-11-15,124.54
534,2013-11-18,124.36
535,2013-11-19,122.86
536,2013-11-20,125.32
537,2013-11-21,129.63
538,2013-11-22,131.4
539,2013-11-25,130.86
540,2013-11-26,130.12
541,2013-11-27,130.05
542,2013-11-29,128.49
543,2013-12-02,127.52
544,2013-12-03,124.21
545,2013-12-04,125.56
546,2013-12-05,124.59
547,2013-12-06,128.95
548,2013-12-09,129.89
549,2013-12-10,129.25
550,2013-12-11,123.18
551,2013-12-12,122.65
552,2013-12-13,122.37
553,2013-12-16,122.34
554,2013-12-17,122.67
555,2013-12-18,131.33
556,2013-12-19,130.02
557,2013-12-20,129.34
558,2013-12-23,134.03
559,2013-12-24,136.61
560,2013-12-26,139.01
561,2013-12-27,136.98
562,2013-12-30,134.86
563,2013-12-31,134.94
564,2014-01-02,132.23
565,2014-01-03,133.03
566,2014-01-06,134.62
567,2014-01-07,137.77
568,2014-01-08,137.54
569,2014-01-09,137.18
570,2014-01-10,140.4
571,2014-01-13,135.53
572,2014-01-14,140.93
573,2014-01-15,140.48
574,2014-01-16,139.75
575,2014-01-17,139.51
576,2014-01-21,141.09
577,2014-01-22,143.26
578,2014-01-23,139.38
579,2014-01-24,126.78
580,2014-01-27,123.62
581,2014-01-28,128.64
582,2014-01-29,120.06
583,2014-01-30,121.72
584,2014-01-31,112.52
585,2014-02-03,104.44
586,2014-02-04,106.14
587,2014-02-05,102.36
588,2014-02-06,112.32
589,2014-02-07,119.04
590,2014-02-10,118.92
591,2014-02-11,123.42
592,2014-02-12,125.92
593,2014-02-13,126.92
594,2014-02-14,128.8
595,2014-02-18,130.46
596,2014-02-19,121.56
597,2014-02-20,126.2
598,2014-02-21,124.96
599,2014-02-24,125.84
600,2014-02-25,125.76
601,2014-02-26,124.1
602,2014-02-27,124.46
603,2014-02-28,122.4
604,2014-03-03,115.46
605,2014-03-04,122.64
606,2014-03-05,122.5
607,2014-03-06,123.4
608,2014-03-07,120.54
609,2014-03-10,121.18
610,2014-03-11,119.46
611,2014-03-12,119.66
612,2014-03-13,114.7
613,2014-03-14,111.54
614,2014-03-17,116.56
615,2014-03-18,120.9
616,2014-03-19,118.56
617,2014-03-20,119.36
618,2014-03-21,118.48
619,2014-03-24,118.16
620,2014-03-25,119.7
621,2014-03-26,117.52
622,2014-03-27,119.02
623,2014-03-28,120.22
624,2014-03-31,123.94
625,2014-04-01,128.14
626,2014-04-02,127.24
627,2014-04-03,127.42
628,2014-04-04,124.72
629,2014-04-07,121.96
630,2014-04-08,124.18
631,2014-04-09,127.14
632,2014-04-10,119.52
633,2014-04-11,115.78
634,2014-04-14,116.74
635,2014-04-15,118.04
636,2014-04-16,122.22
637,2014-04-17,123.98
638,2014-04-21,126.36
639,2014-04-22,126.7
640,2014-04-23,126.04
641,2014-04-24,124.56
642,2014-04-25,123.66
643,2014-04-28,126.34
644,2014-04-29,128.62
645,2014-04-30,128.44
646,2014-05-01,128.58
647,2014-05-02,129.3
648,2014-05-05,130.6
649,2014-05-06,129.44
650,2014-05-07,132.16
651,2014-05-08,131.78
652,2014-05-09,134.7
653,2014-05-12,138.58
654,2014-05-13,138.26
655,2014-05-14,139.04
656,2014-05-15,137.38
657,2014-05-16,140.72
658,2014-05-19,142.42
659,2014-05-20,143.66
660,2014-05-21,145.76
661,2014-05-22,145.9
662,2014-05-23,147.02
663,2014-05-27,151.56
664,2014-05-28,151.98
665,2014-05-29,152.52
666,2014-05-30,152.78
667,2014-06-02,153.84
668,2014-06-03,153.16
669,2014-06-04,154.78
670,2014-06-05,160.2
671,2014-06-06,168.22
672,2014-06-09,166.0
673,2014-06-10,168.94
674,2014-06-11,165.2
675,2014-06-12,157.08
676,2014-06-13,159.82
677,2014-06-16,160.08
678,2014-06-17,165.32
679,2014-06-18,174.36
680,2014-06-19,173.66
681,2014-06-20,171.24
682,2014-06-23,175.44
683,2014-06-24,169.0
684,2014-06-25,175.38
685,2014-06-26,173.32
686,2014-06-27,174.78
687,2014-06-30,176.54
688,2014-07-01,181.02
689,2014-07-02,182.82
690,2014-07-03,185.4
691,2014-07-07,181.4
692,2014-07-08,178.54
693,2014-07-09,182.08
694,2014-07-10,175.56
695,2014-07-11,177.72
696,2014-07-14,182.42
697,2014-07-15,179.04
698,2014-07-16,183.54
699,2014-07-17,166.2
700,2014-07-18,178.2
701,2014-07-21,174.08
702,2014-07-22,177.52
703,2014-07-23,175.92
704,2014-07-24,177.18
705,2014-07-25,171.84
706,2014-07-28,172.62
707,2014-07-29,173.06
708,2014-07-30,170.18
709,2014-07-31,155.64
710,2014-08-01,148.02
711,2014-08-04,154.26
712,2014-08-05,143.48
713,2014-08-06,142.92
714,2014-08-07,139.98
715,2014-08-08,145.26
716,2014-08-11,151.24
717,2014-08-12,152.2
718,2014-08-13,160.8
719,2014-08-14,165.86
720,2014-08-15,165.9
721,2014-08-18,172.36
722,2014-08-19,173.88
723,2014-08-20,172.56
724,2014-08-21,172.14
725,2014-08-22,172.84
726,2014-08-25,174.5
727,2014-08-26,172.86
728,2014-08-27,171.82
729,2014-08-28,168.94
730,2014-08-29,170.06
731,2014-09-02,168.92
732,2014-09-03,170.9
733,2014-09-04,170.58
734,2014-09-05,174.02
735,2014-09-08,173.68
736,2014-09-09,168.92
737,2014-09-10,170.1
738,2014-09-11,170.58
739,2014-09-12,166.86
740,2014-09-15,162.58
741,2014-09-16,170.4
742,2014-09-17,171.9
743,2014-09-18,174.38
744,2014-09-19,174.28
745,2014-09-22,168.24
746,2014-09-23,162.0
747,2014-09-24,167.04
748,2014-09-25,154.5
749,2014-09-26,159.8
750,2014-09-29,152.16
751,2014-09-30,149.88
752,2014-10-01,146.76
753,2014-10-02,147.88
754,2014-10-03,156.84
755,2014-10-06,154.1
756,2014-10-07,143.24
757,2014-10-08,154.88
758,2014-10-09,140.48
759,2014-10-10,124.92
760,2014-10-13,112.7
761,2014-10-14,113.42
762,2014-10-15,111.18
763,2014-10-16,106.52
764,2014-10-17,111.02
765,2014-10-20,119.6
766,2014-10-21,128.46
767,2014-10-22,118.08
768,2014-10-23,125.52
769,2014-10-24,126.86
770,2014-10-27,128.6
771,2014-10-28,137.16
772,2014-10-29,134.76
773,2014-10-30,134.12
774,2014-10-31,137.64
775,2014-11-03,135.36
776,2014-11-04,136.32
777,2014-11-05,138.12
778,2014-11-06,141.56
779,2014-11-07,143.6
780,2014-11-10,148.96
781,2014-11-11,149.16
782,2014-11-12,147.24
783,2014-11-13,145.44
784,2014-11-14,145.0
785,2014-11-17,145.2
786,2014-11-18,147.92
787,2014-11-19,144.22
788,2014-11-20,145.74
789,2014-11-21,148.68
790,2014-11-24,151.78
791,2014-11-25,153.0
792,2014-11-26,155.4
793,2014-11-28,151.2
794,2014-12-01,144.76
795,2014-12-02,152.4
796,2014-12-03,154.76
797,2014-12-04,154.56
798,2014-12-05,157.08
799,2014-12-08,150.84
800,2014-12-09,148.96
801,2014-12-10,133.68
802,2014-12-11,125.12
803,2014-12-12,118.0
804,2014-12-15,120.72
805,2014-12-16,115.14
806,2014-12-17,125.66
807,2014-12-18,129.7
808,2014-12-19,130.64
809,2014-12-22,137.0
810,2014-12-23,136.74
811,2014-12-24,137.76
812,2014-12-26,136.44
813,2014-12-29,136.66
814,2014-12-30,133.26
815,2014-12-31,122.32
816,2015-01-02,124.54
817,2015-01-05,115.92
818,2015-01-06,112.96
819,2015-01-07,116.64
820,2015-01-08,123.88
821,2015-01-09,119.32
822,2015-01-12,113.52
823,2015-01-13,110.24
824,2015-01-14,108.2
825,2015-01-15,104.96
826,2015-01-16,106.84
827,2015-01-20,107.84
828,2015-01-21,112.98
829,2015-01-22,120.34
830,2015-01-23,117.2
831,2015-01-26,122.46
832,2015-01-27,116.6
833,2015-01-28,106.52
834,2015-01-29,109.04
835,2015-01-30,97.7
836,2015-02-02,103.74
837,2015-02-03,108.76
838,2015-02-04,105.62
839,2015-02-05,109.24
840,2015-02-06,104.64
841,2015-02-09,104.12
842,2015-02-10,108.02
843,2015-02-11,107.26
844,2015-02-12,114.02
845,2015-02-13,115.48
846,2015-02-17,115.12
847,2015-02-18,115.9
848,2015-02-19,118.78
849,2015-02-20,122.84
850,2015-02-23,122.24
851,2015-02-24,127.44
852,2015-02-25,126.44
853,2015-02-26,127.86
854,2015-02-27,128.66
855,2015-03-02,132.92
856,2015-03-03,129.96
857,2015-03-04,130.28
858,2015-03-05,131.86
859,2015-03-06,125.96
860,2015-03-09,127.76
861,2015-03-10,123.6
862,2015-03-11,120.52
863,2015-03-12,127.68
864,2015-03-13,124.76
865,2015-03-16,127.72
866,2015-03-17,128.34
867,2015-03-18,133.98
868,2015-03-19,133.72
869,2015-03-20,135.96
870,2015-03-23,138.4
871,2015-03-24,138.96
872,2015-03-25,132.72
873,2015-03-26,133.8
874,2015-03-27,135.46
875,2015-03-30,139.48
876,2015-03-31,136.08
877,2015-04-01,136.04
878,2015-04-02,138.88
879,2015-04-06,141.98
880,2015-04-07,142.24
881,2015-04-08,144.88
882,2015-04-09,149.72
883,2015-04-10,156.68
884,2015-04-13,151.82
885,2015-04-14,153.5
886,2015-04-15,156.9
887,2015-04-16,160.02
888,2015-04-17,154.38
889,2015-04-20,159.76
890,2015-04-21,159.62
891,2015-04-22,161.48
892,2015-04-23,163.02
893,2015-04-24,164.62
894,2015-04-27,159.84
895,2015-04-28,165.34
896,2015-04-29,160.8
897,2015-04-30,156.36
898,2015-05-01,163.92
899,2015-05-04,163.74
900,2015-05-05,158.1
901,2015-05-06,155.46
902,2015-05-07,156.68
903,2015-05-08,164.9
904,2015-05-11,160.4
905,2015-05-12,161.1
906,2015-05-13,163.94
907,2015-05-14,167.28
908,2015-05-15,168.6
909,2015-05-18,174.3
910,2015-05-19,176.58
911,2015-05-20,176.1
912,2015-05-21,181.0
913,2015-05-22,180.64
914,2015-05-26,173.62
915,2015-05-27,180.1
916,2015-05-28,178.38
917,2015-05-29,177.0
918,2015-06-01,178.8
919,2015-06-02,176.08
920,2015-06-03,179.0
921,2015-06-04,172.86
922,2015-06-05,175.64
923,2015-06-08,171.98
924,2015-06-09,174.06
925,2015-06-10,181.54
926,2015-06-11,185.34
927,2015-06-12,183.1
928,2015-06-15,175.04
929,2015-06-16,178.22
930,2015-06-17,178.66
931,2015-06-18,183.84
932,2015-06-19,181.78
933,2015-06-22,189.78
934,2015-06-23,194.8
935,2015-06-24,190.9
936,2015-06-25,189.2
937,2015-06-26,190.26
938,2015-06-29,158.88
939,2015-06-30,158.12
940,2015-07-01,169.48
941,2015-07-02,158.94
942,2015-07-06,154.92
943,2015-07-07,163.02
944,2015-07-08,146.68
945,2015-07-09,145.36
946,2015-07-10,156.16
947,2015-07-13,171.36
948,2015-07-14,172.62
949,2015-07-15,172.94
950,2015-07-16,184.96
951,2015-07-17,186.24
952,2015-07-20,186.92
953,2015-07-21,188.34
954,2015-07-22,189.18
955,2015-07-23,187.02
956,2015-07-24,180.44
957,2015-07-27,171.08
958,2015-07-28,183.72
959,2015-07-29,186.44
960,2015-07-30,187.88
961,2015-07-31,188.04
962,2015-08-03,191.06
963,2015-08-04,189.94
964,2015-08-05,191.68
965,2015-08-06,184.66
966,2015-08-07,186.56
967,2015-08-10,193.52
968,2015-08-11,184.62
969,2015-08-12,184.88
970,2015-08-13,186.88
971,2015-08-14,187.32
972,2015-08-17,189.58
973,2015-08-18,187.34
974,2015-08-19,183.68
975,2015-08-20,168.2
976,2015-08-21,140.78
977,2015-08-24,114.28
978,2015-08-25,102.32
979,2015-08-26,112.04
980,2015-08-27,109.6
981,2015-08-28,104.24
982,2015-08-31,100.12
983,2015-09-01,85.76
984,2015-09-02,95.78
985,2015-09-03,95.84
986,2015-09-04,88.8
987,2015-09-08,96.46
988,2015-09-09,94.16
989,2015-09-10,96.56
990,2015-09-11,98.76
991,2015-09-14,98.54
992,2015-09-15,108.54
993,2015-09-16,115.06
994,2015-09-17,115.0
995,2015-09-18,101.28
996,2015-09-21,108.58
997,2015-09-22,101.3
998,2015-09-23,103.28
999,2015-09-24,100.76
1000,2015-09-25,98.18
1001,2015-09-28,91.12
1002,2015-09-29,90.98
1003,2015-09-30,95.28
1004,2015-10-01,96.46
1005,2015-10-02,101.5
1006,2015-10-05,107.3
1007,2015-10-06,106.0
1008,2015-10-07,108.4
1009,2015-10-08,113.76
1010,2015-10-09,113.76
1011,2015-10-12,120.82
1012,2015-10-13,114.02
1013,2015-10-14,111.36
1014,2015-10-15,119.4
1015,2015-10-16,120.32
1016,2015-10-19,129.0
1017,2015-10-20,123.94
1018,2015-10-21,115.52
1019,2015-10-22,125.1
1020,2015-10-23,123.44
1021,2015-10-26,119.5
1022,2015-10-27,121.84
1023,2015-10-28,125.44
1024,2015-10-29,123.72
1025,2015-10-30,121.7
1026,2015-11-02,127.96
1027,2015-11-03,125.48
1028,2015-11-04,121.38
1029,2015-11-05,123.8
1030,2015-11-06,126.38
1031,2015-11-09,119.48
1032,2015-11-10,122.8
1033,2015-11-11,119.96
1034,2015-11-12,109.48
1035,2015-11-13,101.92
1036,2015-11-16,112.32
1037,2015-11-17,106.0
1038,2015-11-18,113.44
1039,2015-11-19,109.66
1040,2015-11-20,113.3
1041,2015-11-23,116.32
1042,2015-11-24,115.72
1043,2015-11-25,117.28
1044,2015-11-27,116.16
1045,2015-11-30,116.84
1046,2015-12-01,121.8
1047,2015-12-02,117.0
1048,2015-12-03,108.4
1049,2015-12-04,118.82
1050,2015-12-07,115.48
1051,2015-12-08,112.08
1052,2015-12-09,107.34
1053,2015-12-10,105.98
1054,2015-12-11,90.28
1055,2015-12-14,96.04
1056,2015-12-15,100.12
1057,2015-12-16,106.76
1058,2015-12-17,102.4
1059,2015-12-18,94.36
1060,2015-12-21,98.46
1061,2015-12-22,103.3
1062,2015-12-23,105.62
1063,2015-12-24,103.68
1064,2015-12-28,104.8
1065,2015-12-29,106.8
1066,2015-12-30,103.42
1067,2015-12-31,100.9
1068,2016-01-04,94.52
1069,2016-01-05,97.72
1070,2016-01-06,94.78
1071,2016-01-07,84.68
1072,2016-01-08,79.74
1073,2016-01-11,82.08
1074,2016-01-12,86.02
1075,2016-01-13,77.2
1076,2016-01-14,80.06
1077,2016-01-15,72.06
1078,2016-01-19,72.02
1079,2016-01-20,70.22
1080,2016-01-21,70.5
1081,2016-01-22,76.38
1082,2016-01-25,72.42
1083,2016-01-26,75.86
1084,2016-01-27,72.76
1085,2016-01-28,75.24
1086,2016-01-29,78.24
1087,2016-02-01,79.12
1088,2016-02-02,73.72
1089,2016-02-03,74.68
1090,2016-02-04,73.86
1091,2016-02-05,70.94
1092,2016-02-08,67.52
1093,2016-02-09,67.02
1094,2016-02-10,66.5
1095,2016-02-11,62.46
1096,2016-02-12,65.16
1097,2016-02-16,68.14
1098,2016-02-17,70.8
1099,2016-02-18,70.96
1100,2016-02-19,72.86
1101,2016-02-22,77.0
1102,2016-02-23,73.14
1103,2016-02-24,73.56
1104,2016-02-25,76.12
1105,2016-02-26,75.0
1106,2016-02-29,73.76
1107,2016-03-01,80.18
1108,2016-03-02,81.52
1109,2016-03-03,84.12
1110,2016-03-04,83.1
1111,2016-03-07,82.82
1112,2016-03-08,79.58
1113,2016-03-09,80.68
1114,2016-03-10,82.08
1115,2016-03-11,86.3
1116,2016-03-14,87.66
1117,2016-03-15,86.42
1118,2016-03-16,89.56
1119,2016-03-17,92.18
1120,2016-03-18,92.9
1121,2016-03-21,95.5
1122,2016-03-22,96.74
1123,2016-03-23,92.1
1124,2016-03-24,92.58
1125,2016-03-28,93.88
1126,2016-03-29,99.32
1127,2016-03-30,101.76
1128,2016-03-31,101.06
1129,2016-04-01,104.0
1130,2016-04-04,101.12
1131,2016-04-05,95.28
1132,2016-04-06,101.6
1133,2016-04-07,92.16
1134,2016-04-08,94.64
1135,2016-04-11,93.22
1136,2016-04-12,96.28
1137,2016-04-13,101.14
1138,2016-04-14,101.48
1139,2016-04-15,102.82
1140,2016-04-18,109.26
1141,2016-04-19,108.3
1142,2016-04-20,107.72
1143,2016-04-21,105.72
1144,2016-04-22,108.36
1145,2016-04-25,106.88
1146,2016-04-26,109.28
1147,2016-04-27,112.44
1148,2016-04-28,105.78
1149,2016-04-29,102.26
1150,2016-05-02,108.6
1151,2016-05-03,103.62
1152,2016-05-04,102.3
1153,2016-05-05,102.48
1154,2016-05-06,107.12
1155,2016-05-09,109.52
1156,2016-05-10,114.92
1157,2016-05-11,110.72
1158,2016-05-12,112.0
1159,2016-05-13,107.86
1160,2016-05-16,112.9
1161,2016-05-17,107.96
1162,2016-05-18,108.42
1163,2016-05-19,107.96
1164,2016-05-20,111.72
1165,2016-05-23,112.46
1166,2016-05-24,116.9
1167,2016-05-25,119.12
1168,2016-05-26,120.34
1169,2016-05-27,123.74
1170,2016-05-31,123.84
1171,2016-06-01,124.68
1172,2016-06-02,128.14
1173,2016-06-03,128.76
1174,2016-06-06,130.38
1175,2016-06-07,130.3
1176,2016-06-08,129.44
1177,2016-06-09,126.98
1178,2016-06-10,115.5
1179,2016-06-13,98.14
1180,2016-06-14,100.24
1181,2016-06-15,101.22
1182,2016-06-16,103.94
1183,2016-06-17,104.1
1184,2016-06-20,111.08
1185,2016-06-21,110.36
1186,2016-06-22,106.72
1187,2016-06-23,116.92
1188,2016-06-24,86.0
1189,2016-06-27,83.78
1190,2016-06-28,90.86
1191,2016-06-29,95.38
1192,2016-06-30,98.12
1193,2016-07-01,101.22
1194,2016-07-05,99.26
1195,2016-07-06,101.98
1196,2016-07-07,103.62
1197,2016-07-08,110.42
1198,2016-07-11,110.4
1199,2016-07-12,112.96
1200,2016-07-13,114.82
1201,2016-07-14,114.9
1202,2016-07-15,115.46
1203,2016-07-18,117.44
1204,2016-07-19,117.54
1205,2016-07-20,120.94
1206,2016-07-21,117.46
1207,2016-07-22,120.14
1208,2016-07-25,120.88
1209,2016-07-26,122.06
1210,2016-07-27,124.76
1211,2016-07-28,127.04
1212,2016-07-29,131.44
1213,2016-08-01,133.58
1214,2016-08-02,128.56
1215,2016-08-03,131.86
1216,2016-08-04,135.46
1217,2016-08-05,140.1
1218,2016-08-08,143.2
1219,2016-08-09,145.52
1220,2016-08-10,142.04
1221,2016-08-11,142.8
1222,2016-08-12,144.22
1223,2016-08-15,146.48
1224,2016-08-16,141.48
1225,2016-08-17,145.08
1226,2016-08-18,147.64
1227,2016-08-19,146.88
1228,2016-08-22,146.42
1229,2016-08-23,146.82
1230,2016-08-24,143.48
1231,2016-08-25,143.34
1232,2016-08-26,142.9
1233,2016-08-29,145.84
1234,2016-08-30,146.96
1235,2016-08-31,146.02
1236,2016-09-01,146.84
1237,2016-09-02,152.2
1238,2016-09-06,156.18
1239,2016-09-07,158.16
1240,2016-09-08,157.6
1241,2016-09-09,132.34
1242,2016-09-12,141.4
1243,2016-09-13,122.86
1244,2016-09-14,124.08
1245,2016-09-15,128.56
1246,2016-09-16,130.18
1247,2016-09-19,133.48
1248,2016-09-20,134.46
1249,2016-09-21,144.46
1250,2016-09-22,149.56
1251,2016-09-23,148.26
1252,2016-09-26,140.36
1253,2016-09-27,147.84
1254,2016-09-28,149.44
1255,2016-09-29,140.04
1256,2016-09-30,146.42
1257,2016-10-03,147.04
1258,2016-10-04,147.44
1259,2016-10-05,148.76
1260,2016-10-06,149.92
1261,2016-10-07,149.72
1262,2016-10-10,152.88
1263,2016-10-11,144.36
1264,2016-10-12,144.22
1265,2016-10-13,139.84
1266,2016-10-14,141.42
1267,2016-10-17,142.02
1268,2016-10-18,147.82
1269,2016-10-19,151.22
1270,2016-10-20,153.1
1271,2016-10-21,156.36
1272,2016-10-24,161.88
1273,2016-10-25,160.14
1274,2016-10-26,156.2
1275,2016-10-27,153.5
1276,2016-10-28,146.92
1277,2016-10-31,143.64
1278,2016-11-01,139.66
1279,2016-11-02,136.3
1280,2016-11-03,128.94
1281,2016-11-04,128.64
1282,2016-11-07,144.96
1283,2016-11-08,148.74
1284,2016-11-09,152.32
1285,2016-11-10,148.0
1286,2016-11-11,151.58
1287,2016-11-14,152.16
1288,2016-11-15,158.66
1289,2016-11-16,157.66
1290,2016-11-17,162.2
1291,2016-11-18,162.92
1292,2016-11-21,170.34
1293,2016-11-22,169.42
1294,2016-11-23,169.02
1295,2016-11-25,170.18
1296,2016-11-28,168.64
1297,2016-11-29,169.8
1298,2016-11-30,169.34
1299,2016-12-01,163.0
1300,2016-12-02,163.16
1301,2016-12-05,173.64
1302,2016-12-06,179.22
1303,2016-12-07,178.78
1304,2016-12-08,178.26
1305,2016-12-09,180.22
1306,2016-12-12,178.8
1307,2016-12-13,177.26
1308,2016-12-14,177.58
1309,2016-12-15,180.16
1310,2016-12-16,182.32
1311,2016-12-19,188.88
1312,2016-12-20,192.54
1313,2016-12-21,195.6
1314,2016-12-22,192.12
1315,2016-12-23,193.16
1316,2016-12-27,195.64
1317,2016-12-28,188.88
1318,2016-12-29,185.82
1319,2016-12-30,181.96
1320,2017-01-03,194.9
1321,2017-01-04,205.06
1322,2017-01-05,205.72
1323,2017-01-06,208.5
1324,2017-01-09,208.92
1325,2017-01-10,210.3
1326,2017-01-11,214.88
1327,2017-01-12,214.98
1328,2017-01-13,214.4
1329,2017-01-17,215.0
1330,2017-01-18,216.0
1331,2017-01-19,213.54
1332,2017-01-20,221.9
1333,2017-01-23,223.7
1334,2017-01-24,234.08
1335,2017-01-25,239.88
1336,2017-01-26,238.64
1337,2017-01-27,241.48
1338,2017-01-30,234.62
1339,2017-01-31,235.7
1340,2017-02-01,239.82
1341,2017-02-02,237.86
1342,2017-02-03,242.72
1343,2017-02-06,242.98
1344,2017-02-07,241.06
1345,2017-02-08,241.76
1346,2017-02-09,246.84
1347,2017-02-10,250.8
1348,2017-02-13,258.74
1349,2017-02-14,269.88
1350,2017-02-15,259.96
1351,2017-02-16,258.6
1352,2017-02-17,258.1
1353,2017-02-21,254.96
1354,2017-02-22,253.88
1355,2017-02-23,247.2
1356,2017-02-24,250.5
1357,2017-02-27,251.18
1358,2017-02-28,245.0
1359,2017-03-01,250.6
1360,2017-03-02,249.96
1361,2017-03-03,257.58
1362,2017-03-06,262.36
1363,2017-03-07,262.14
1364,2017-03-08,260.22
1365,2017-03-09,261.56
1366,2017-03-10,265.16
1367,2017-03-13,270.68
1368,2017-03-14,265.52
1369,2017-03-15,275.0
1370,2017-03-16,280.88
1371,2017-03-17,284.3
1372,2017-03-20,284.1
1373,2017-03-21,273.26
1374,2017-03-22,271.84
1375,2017-03-23,262.62
1376,2017-03-24,267.64
1377,2017-03-27,273.06
1378,2017-03-28,287.8
1379,2017-03-29,288.9
1380,2017-03-30,287.54
1381,2017-03-31,282.3
1382,2017-04-03,280.92
1383,2017-04-04,284.78
1384,2017-04-05,275.22
1385,2017-04-06,280.06
1386,2017-04-07,269.8
1387,2017-04-10,260.36
1388,2017-04-11,248.16
1389,2017-04-12,247.24
1390,2017-04-13,242.64
1391,2017-04-17,254.48
1392,2017-04-18,256.44
1393,2017-04-19,250.22
1394,2017-04-20,256.72
1395,2017-04-21,255.76
1396,2017-04-24,283.34
1397,2017-04-25,290.28
1398,2017-04-26,287.1
1399,2017-04-27,290.2
1400,2017-04-28,290.1
1401,2017-05-01,301.58
1402,2017-05-02,300.36
1403,2017-05-03,294.28
1404,2017-05-04,301.9
1405,2017-05-05,300.14
1406,2017-05-08,308.14
1407,2017-05-09,308.68
1408,2017-05-10,307.52
1409,2017-05-11,308.3
1410,2017-05-12,308.9
1411,2017-05-15,315.12
1412,2017-05-16,318.22
1413,2017-05-17,260.1
1414,2017-05-18,267.0
1415,2017-05-19,284.8
1416,2017-05-22,297.12
1417,2017-05-23,297.36
1418,2017-05-24,305.4
1419,2017-05-25,301.78
1420,2017-05-26,306.98
1421,2017-05-30,309.28
1422,2017-05-31,306.7
1423,2017-06-01,313.98
1424,2017-06-02,313.3
1425,2017-06-05,311.7
1426,2017-06-06,304.94
1427,2017-06-07,308.1
1428,2017-06-08,315.42
1429,2017-06-09,310.62
1430,2017-06-12,307.26
1431,2017-06-13,317.88
1432,2017-06-14,318.86
1433,2017-06-15,315.24
1434,2017-06-16,318.7
1435,2017-06-19,327.96
1436,2017-06-20,319.56
1437,2017-06-21,322.2
1438,2017-06-22,325.74
1439,2017-06-23,328.86
1440,2017-06-26,336.12
1441,2017-06-27,324.2
1442,2017-06-28,334.2
1443,2017-06-29,316.72
1444,2017-06-30,322.54
1445,2017-07-03,318.22
1446,2017-07-05,318.0
1447,2017-07-06,302.0
1448,2017-07-07,312.72
1449,2017-07-10,320.34
1450,2017-07-11,321.72
1451,2017-07-12,330.54
1452,2017-07-13,334.18
1453,2017-07-14,340.0
1454,2017-07-17,348.88
1455,2017-07-18,353.64
1456,2017-07-19,357.52
1457,2017-07-20,360.92
1458,2017-07-21,363.84
1459,2017-07-24,370.08
1460,2017-07-25,368.36
1461,2017-07-26,368.04
1462,2017-07-27,364.64
1463,2017-07-28,360.88
1464,2017-07-31,363.8
1465,2017-08-01,368.0
1466,2017-08-02,366.84
1467,2017-08-03,362.08
1468,2017-08-04,363.08
1469,2017-08-07,367.88
1470,2017-08-08,357.52
1471,2017-08-09,347.68
1472,2017-08-10,299.72
1473,2017-08-11,286.72
1474,2017-08-14,323.28
1475,2017-08-15,324.88
1476,2017-08-16,327.32
1477,2017-08-17,272.96
1478,2017-08-18,282.64
1479,2017-08-21,293.88
1480,2017-08-22,315.48
1481,2017-08-23,311.68
1482,2017-08-24,302.68
1483,2017-08-25,311.84
1484,2017-08-28,313.88
1485,2017-08-29,310.44
1486,2017-08-30,312.0
1487,2017-08-31,320.8
1488,2017-09-01,321.24
1489,2017-09-05,302.88
1490,2017-09-06,311.12
1491,2017-09-07,312.76
1492,2017-09-08,305.32
1493,2017-09-11,322.76
1494,2017-09-12,330.92
1495,2017-09-13,342.48
1496,2017-09-14,337.84
1497,2017-09-15,344.16
1498,2017-09-18,359.04
1499,2017-09-19,358.92
1500,2017-09-20,358.56
1501,2017-09-21,358.88
1502,2017-09-22,356.44
1503,2017-09-25,356.28
1504,2017-09-26,360.0
1505,2017-09-27,363.08
1506,2017-09-28,368.2
1507,2017-09-29,375.0
1508,2017-10-02,382.08
1509,2017-10-03,383.76
1510,2017-10-04,383.48
1511,2017-10-05,395.44
1512,2017-10-06,395.2
1513,2017-10-09,387.76
1514,2017-10-10,396.04
1515,2017-10-11,404.28
1516,2017-10-12,407.2
1517,2017-10-13,414.64
1518,2017-10-16,421.6
1519,2017-10-17,420.92
1520,2017-10-18,422.6
1521,2017-10-19,425.4
1522,2017-10-20,432.76
1523,2017-10-23,419.52
1524,2017-10-24,414.76
1525,2017-10-25,400.88
1526,2017-10-26,402.6
1527,2017-10-27,425.32
1528,2017-10-30,421.84
1529,2017-10-31,429.4
1530,2017-11-01,426.84
1531,2017-11-02,431.52
1532,2017-11-03,432.48
1533,2017-11-06,436.12
1534,2017-11-07,434.0
1535,2017-11-08,433.48
1536,2017-11-09,428.12
1537,2017-11-10,417.4
1538,2017-11-13,416.28
1539,2017-11-14,412.76
1540,2017-11-15,396.92
1541,2017-11-16,414.36
1542,2017-11-17,420.04
1543,2017-11-20,433.8
1544,2017-11-21,449.92
1545,2017-11-22,454.0
1546,2017-11-24,456.04
1547,2017-11-27,456.68
1548,2017-11-28,462.88
1549,2017-11-29,452.88
1550,2017-11-30,451.32
1551,2017-12-01,439.04
1552,2017-12-04,442.72
1553,2017-12-05,444.4
1554,2017-12-06,444.96
1555,2017-12-07,459.56
1556,2017-12-08,473.64
1557,2017-12-11,490.36
1558,2017-12-12,489.12
1559,2017-12-13,490.72
1560,2017-12-14,493.32
1561,2017-12-15,509.44
1562,2017-12-18,516.96
1563,2017-12-19,513.88
1564,2017-12-20,516.16
1565,2017-12-21,519.72
1566,2017-12-22,516.76
1567,2017-12-26,516.36
1568,2017-12-27,513.56
1569,2017-12-28,521.92
1570,2017-12-29,512.84
1571,2018-01-02,530.32
1572,2018-01-03,542.04
1573,2018-01-04,543.56
1574,2018-01-05,543.72
1575,2018-01-08,550.2
1576,2018-01-09,544.28
1577,2018-01-10,549.72
1578,2018-01-11,552.84
1579,2018-01-12,552.76
1580,2018-01-16,518.96
1581,2018-01-17,531.36
1582,2018-01-18,529.2
1583,2018-01-19,531.08
1584,2018-01-22,543.68
1585,2018-01-23,533.92
1586,2018-01-24,520.0
1587,2018-01-25,511.32
1588,2018-01-26,515.48
1589,2018-01-29,477.48
1590,2018-01-30,462.4
1591,2018-01-31,472.44
1592,2018-02-01,486.68
1593,2018-02-02,422.4
1594,2018-02-05,287.28
1595,2018-02-06,48.96
1596,2018-02-07,49.32
1597,2018-02-08,38.32
1598,2018-02-09,43.44
1599,2018-02-12,45.36
1600,2018-02-13,45.16
1601,2018-02-14,50.6
1602,2018-02-15,51.64
1603,2018-02-16,50.76
1604,2018-02-20,48.48
1605,2018-02-21,48.2
1606,2018-02-22,48.88
1607,2018-02-23,52.72
1608,2018-02-26,54.6
1609,2018-02-27,49.56
1610,2018-02-28,48.92
1611,2018-03-01,47.48
1612,2018-03-02,48.44
1613,2018-03-05,49.64
1614,2018-03-06,49.48
1615,2018-03-07,49.64
1616,2018-03-08,50.56
1617,2018-03-09,52.92
1618,2018-03-12,51.4
1619,2018-03-13,50.96
1620,2018-03-14,50.48
1621,2018-03-15,51.12
1622,2018-03-16,51.64
1623,2018-03-19,49.2
1624,2018-03-20,49.88
1625,2018-03-21,50.12
1626,2018-03-22,46.76
1627,2018-03-23,45.64
1628,2018-03-26,47.32
1629,2018-03-27,45.64
1630,2018-03-28,45.16
1631,2018-03-29,46.96
1632,2018-04-02,44.6
1633,2018-04-03,45.56
1634,2018-04-04,45.96
1635,2018-04-05,46.76
1636,2018-04-06,45.52
1637,2018-04-09,45.24
1638,2018-04-10,45.92
1639,2018-04-11,45.64
1640,2018-04-12,46.64
1641,2018-04-13,47.56
1642,2018-04-16,48.64
1643,2018-04-17,50.2
1644,2018-04-18,50.12
1645,2018-04-19,49.68
1646,2018-04-20,48.96
1647,2018-04-23,49.2
1648,2018-04-24,47.96
1649,2018-04-25,47.72
1650,2018-04-26,49.0
1651,2018-04-27,49.4
1652,2018-04-30,49.32
1653,2018-05-01,49.76
1654,2018-05-02,49.88
1655,2018-05-03,49.32
1656,2018-05-04,50.12
1657,2018-05-07,50.28
1658,2018-05-08,50.32
1659,2018-05-09,51.48
1660,2018-05-10,52.72
1661,2018-05-11,53.08
1662,2018-05-14,53.92
1663,2018-05-15,51.96
1664,2018-05-16,52.84
1665,2018-05-17,53.64
1666,2018-05-18,53.32
1667,2018-05-21,54.04
1668,2018-05-22,53.84
1669,2018-05-23,54.2
1670,2018-05-24,54.36
1671,2018-05-25,54.0
1672,2018-05-29,50.8
1673,2018-05-30,51.96
1674,2018-05-31,51.72
1675,2018-06-01,52.72
1676,2018-06-04,53.96
1677,2018-06-05,54.2
1678,2018-06-06,55.08
1679,2018-06-07,54.72
1680,2018-06-08,54.88
1681,2018-06-11,55.44
1682,2018-06-12,55.44
1683,2018-06-13,55.08
1684,2018-06-14,56.04
1685,2018-06-15,55.68
1686,2018-06-18,56.16
1687,2018-06-19,54.8
1688,2018-06-20,55.32
1689,2018-06-21,53.56
1690,2018-06-22,54.12
1691,2018-06-25,50.32
1692,2018-06-26,51.32
1693,2018-06-27,50.0
1694,2018-06-28,50.36
1695,2018-06-29,50.88
1696,2018-07-02,50.88
1697,2018-07-03,50.8
1698,2018-07-05,51.52
1699,2018-07-06,52.96
1700,2018-07-09,54.28
1701,2018-07-10,54.84
1702,2018-07-11,53.88
1703,2018-07-12,54.84
1704,2018-07-13,55.08
1705,2018-07-16,55.24
1706,2018-07-17,55.52
1707,2018-07-18,55.88
1708,2018-07-19,55.24
1709,2018-07-20,55.16
1710,2018-07-23,55.24
1711,2018-07-24,55.84
1712,2018-07-25,55.88
1713,2018-07-26,55.88
1714,2018-07-27,55.0
1715,2018-07-30,54.2
1716,2018-07-31,54.96
1717,2018-08-01,55.28
1718,2018-08-02,55.6
1719,2018-08-03,55.92
1720,2018-08-06,56.96
1721,2018-08-07,57.64
1722,2018-08-08,58.04
1723,2018-08-09,57.64
1724,2018-08-10,56.2
1725,2018-08-13,54.52
1726,2018-08-14,55.92
1727,2018-08-15,54.12
1728,2018-08-16,55.64
1729,2018-08-17,56.44
1730,2018-08-20,56.96
1731,2018-08-21,56.36
1732,2018-08-22,56.72
1733,2018-08-23,56.84
1734,2018-08-24,57.0
1735,2018-08-27,56.96
1736,2018-08-28,56.88
1737,2018-08-29,56.92
1738,2018-08-30,56.32
1739,2018-08-31,56.68
1740,2018-09-04,56.64
1741,2018-09-05,56.24
1742,2018-09-06,55.48
1743,2018-09-07,54.92
1744,2018-09-10,55.72
1745,2018-09-11,56.64
1746,2018-09-12,56.92
1747,2018-09-13,57.8
1748,2018-09-14,58.36
1749,2018-09-17,57.48
1750,2018-09-18,57.35
1751,2018-09-19,58.58
1752,2018-09-20,59.25
1753,2018-09-21,58.95
1754,2018-09-24,59.02
1755,2018-09-25,58.69
1756,2018-09-26,58.39
1757,2018-09-27,58.81
1758,2018-09-28,59.09
1759,2018-10-01,59.3
1760,2018-10-02,59.24
1761,2018-10-03,59.5
1762,2018-10-04,57.7
1763,2018-10-05,57.02
1764,2018-10-08,56.76
1765,2018-10-09,56.32
1766,2018-10-10,51.64
1767,2018-10-11,49.26
1768,2018-10-12,51.5
1769,2018-10-15,51.09
1770,2018-10-16,52.93
1771,2018-10-17,52.64
1772,2018-10-18,50.78
1773,2018-10-19,51.04
1774,2018-10-22,50.84
1775,2018-10-23,49.89
1776,2018-10-24,47.55
1777,2018-10-25,48.47
1778,2018-10-26,47.07
1779,2018-10-29,46.99
1780,2018-10-30,47.82
1781,2018-10-31,48.59
1782,2018-11-01,49.38
1783,2018-11-02,49.18
1784,2018-11-05,49.4
1785,2018-11-06,50.24
1786,2018-11-07,52.1
1787,2018-11-08,52.43
1788,2018-11-09,51.43
1789,2018-11-12,49.39
1790,2018-11-13,49.13
1791,2018-11-14,48.53
1792,2018-11-15,48.8
1793,2018-11-16,49.93
1794,2018-11-19,48.7
1795,2018-11-20,47.05
1796,2018-11-21,47.61
1797,2018-11-23,47.44
1798,2018-11-26,48.75
1799,2018-11-27,49.24
1800,2018-11-28,49.93
1801,2018-11-29,49.46
1802,2018-11-30,50.11
1803,2018-12-03,51.56
1804,2018-12-04,48.31
1805,2018-12-06,47.62
1806,2018-12-07,45.91
1807,2018-12-10,46.06
1808,2018-12-11,46.13
1809,2018-12-12,46.33
1810,2018-12-13,46.68
1811,2018-12-14,45.95
1812,2018-12-17,44.6
1813,2018-12-18,44.5
1814,2018-12-19,44.63
1815,2018-12-20,43.54
1816,2018-12-21,42.42
1817,2018-12-24,41.3
1818,2018-12-26,42.35
1819,2018-12-27,41.55
1820,2018-12-28,41.54
1821,2018-12-31,42.3
1822,2019-01-02,42.99
1823,2019-01-03,41.92
1824,2019-01-04,43.66
1825,2019-01-07,44.11
1826,2019-01-08,44.58
1827,2019-01-09,45.07
1828,2019-01-10,45.32
1829,2019-01-11,46.07
1830,2019-01-14,45.99
1831,2019-01-15,47.03
1832,2019-01-16,46.59
1833,2019-01-17,46.81
1834,2019-01-18,47.57
1835,2019-01-22,45.53
1836,2019-01-23,45.45
1837,2019-01-24,46.2
1838,2019-01-25,47.07
1839,2019-01-28,46.09
1840,2019-01-29,46.15
1841,2019-01-30,47.21
1842,2019-01-31,48.19
1843,2019-02-01,48.43
1844,2019-02-04,49.23
1845,2019-02-05,49.38
1846,2019-02-06,49.55
1847,2019-02-07,48.75
1848,2019-02-08,49.01
1849,2019-02-11,49.29
1850,2019-02-12,49.7
1851,2019-02-13,49.79
1852,2019-02-14,49.33
1853,2019-02-15,50.17
1854,2019-02-19,50.11
1855,2019-02-20,51.1
1856,2019-02-21,50.79
1857,2019-02-22,51.73
1858,2019-02-25,51.26
1859,2019-02-26,51.03
1860,2019-02-27,50.99
1861,2019-02-28,51.04
1862,2019-03-01,52.18
1863,2019-03-04,51.54
1864,2019-03-05,51.4
1865,2019-03-06,50.64
1866,2019-03-07,49.72
1867,2019-03-08,49.57
1868,2019-03-11,51.4
1869,2019-03-12,52.13
1870,2019-03-13,52.38
1871,2019-03-14,52.81
1872,2019-03-15,53.32
1873,2019-03-18,53.24
1874,2019-03-19,53.0
1875,2019-03-20,52.77
1876,2019-03-21,53.11
1877,2019-03-22,50.03
1878,2019-03-25,50.02
1879,2019-03-26,51.39
1880,2019-03-27,51.02
1881,2019-03-28,51.54
1882,2019-03-29,52.36
1883,2019-04-01,52.81
1884,2019-04-02,52.89
1885,2019-04-03,52.7
1886,2019-04-04,52.93
1887,2019-04-05,53.5
1888,2019-04-08,53.64
1889,2019-04-09,52.68
1890,2019-04-10,53.39
1891,2019-04-11,53.94
1892,2019-04-12,55.15
1893,2019-04-15,55.5
1894,2019-04-16,55.65
1895,2019-04-17,55.52
1896,2019-04-18,55.96
1897,2019-04-22,56.2
1898,2019-04-23,56.4
1899,2019-04-24,55.74
1900,2019-04-25,55.17
1901,2019-04-26,56.12
1902,2019-04-29,55.68
1903,2019-04-30,55.66
1904,2019-05-01,54.59
1905,2019-05-02,54.52
1906,2019-05-03,55.86
1907,2019-05-06,54.27
1908,2019-05-07,49.81
1909,2019-05-08,50.52
1910,2019-05-09,50.63
1911,2019-05-10,52.62
1912,2019-05-13,48.72
1913,2019-05-14,49.96
1914,2019-05-15,51.02
1915,2019-05-16,52.14
1916,2019-05-17,51.76
1917,2019-05-20,51.42
1918,2019-05-21,52.65
1919,2019-05-22,52.98
1920,2019-05-23,51.14
1921,2019-05-24,51.72
1922,2019-05-28,50.92
1923,2019-05-29,50.4
1924,2019-05-30,50.91
1925,2019-05-31,49.82
1926,2019-06-03,49.65
1927,2019-06-04,51.02
1928,2019-06-05,51.59
1929,2019-06-06,52.1
1930,2019-06-07,51.88
1931,2019-06-10,52.17
1932,2019-06-11,52.04
1933,2019-06-12,52.18
1934,2019-06-13,52.34
1935,2019-06-14,52.56
1936,2019-06-17,52.9
1937,2019-06-18,53.04
1938,2019-06-19,53.94
1939,2019-06-20,53.84
1940,2019-06-21,53.21
1941,2019-06-24,53.55
1942,2019-06-25,52.75
1943,2019-06-26,52.97
1944,2019-06-27,53.42
1945,2019-06-28,53.87
1946,2019-07-01,55.36
1947,2019-07-02,56.33
1948,2019-07-03,56.57
1949,2019-07-05,56.4
1950,2019-07-08,55.62
1951,2019-07-09,55.57
1952,2019-07-10,56.35
1953,2019-07-11,56.88
1954,2019-07-12,57.38
1955,2019-07-15,57.42
1956,2019-07-16,57.31
1957,2019-07-17,56.67
1958,2019-07-18,56.89
1959,2019-07-19,56.58
1960,2019-07-22,57.07
1961,2019-07-23,58.17
1962,2019-07-24,58.91
1963,2019-07-25,57.97
1964,2019-07-26,58.76
1965,2019-07-29,58.49
1966,2019-07-30,57.76
1967,2019-07-31,56.19
1968,2019-08-01,53.96
1969,2019-08-02,53.76
1970,2019-08-05,49.95
1971,2019-08-06,51.16
1972,2019-08-07,51.15
1973,2019-08-08,52.61
1974,2019-08-09,51.69
1975,2019-08-12,49.82
1976,2019-08-13,51.56
1977,2019-08-14,47.89
1978,2019-08-15,48.68
1979,2019-08-16,49.96
1980,2019-08-19,51.9
1981,2019-08-20,51.18
1982,2019-08-21,52.56
1983,2019-08-22,52.0
1984,2019-08-23,48.84
1985,2019-08-26,49.55
1986,2019-08-27,49.12
1987,2019-08-28,49.64
1988,2019-08-29,50.69
1989,2019-08-30,50.61
1990,2019-09-03,49.44
1991,2019-09-04,50.94
1992,2019-09-05,52.02
1993,2019-09-06,52.76
1994,2019-09-09,52.91
1995,2019-09-10,53.01
1996,2019-09-11,53.41
1997,2019-09-12,54.08
1998,2019-09-13,54.45
1999,2019-09-16,54.09
2000,2019-09-17,54.27
2001,2019-09-18,55.14
2002,2019-09-19,55.57
2003,2019-09-20,54.13
2004,2019-09-23,54.31
2005,2019-09-24,53.06
2006,2019-09-25,53.61
2007,2019-09-26,53.43
2008,2019-09-27,52.72
2009,2019-09-30,53.41
2010,2019-10-01,52.26
2011,2019-10-02,50.4
2012,2019-10-03,51.37
2013,2019-10-04,52.82
2014,2019-10-07,52.51
2015,2019-10-08,50.45
2016,2019-10-09,50.99
2017,2019-10-10,52.19
2018,2019-10-11,53.82
2019,2019-10-14,54.68
2020,2019-10-15,55.25
2021,2019-10-16,55.73
2022,2019-10-17,55.85
2023,2019-10-18,55.89
2024,2019-10-21,56.66
2025,2019-10-22,56.19
2026,2019-10-23,56.55
2027,2019-10-24,56.92
2028,2019-10-25,57.83
2029,2019-10-28,57.57
2030,2019-10-29,57.58
2031,2019-10-30,58.3
2032,2019-10-31,57.76
2033,2019-11-01,59.18
2034,2019-11-04,59.09
2035,2019-11-05,58.47
2036,2019-11-06,58.61
2037,2019-11-07,58.91
2038,2019-11-08,59.44
2039,2019-11-11,59.56
2040,2019-11-12,59.92
2041,2019-11-13,59.78
2042,2019-11-14,60.18
2043,2019-11-15,61.56
2044,2019-11-18,61.56
2045,2019-11-19,61.24
2046,2019-11-20,60.97
2047,2019-11-21,60.88
2048,2019-11-22,61.8
2049,2019-11-25,63.1
2050,2019-11-26,63.61
2051,2019-11-27,63.7
2052,2019-11-29,63.05
2053,2019-12-02,61.55
2054,2019-12-03,59.15
2055,2019-12-04,60.98
2056,2019-12-05,61.38
2057,2019-12-06,62.52
2058,2019-12-09,60.85
2059,2019-12-10,60.76
2060,2019-12-11,61.4
2061,2019-12-12,63.19
2062,2019-12-13,64.6
2063,2019-12-16,65.33
2064,2019-12-17,65.52
2065,2019-12-18,65.16
2066,2019-12-19,66.02
2067,2019-12-20,65.49
2068,2019-12-23,65.43
2069,2019-12-24,65.83
2070,2019-12-26,65.83
2071,2019-12-27,65.08
2072,2019-12-30,63.93
2073,2019-12-31,65.23
2074,2020-01-02,66.65
2075,2020-01-03,64.94
2076,2020-01-06,65.25
2077,2020-01-07,65.44
2078,2020-01-08,66.08
2079,2020-01-09,67.28
2080,2020-01-10,67.43
2081,2020-01-13,68.17
2082,2020-01-14,68.47
2083,2020-01-15,68.62
2084,2020-01-16,69.47
2085,2020-01-17,69.29
2086,2020-01-21,69.07
2087,2020-01-22,68.38
2088,2020-01-23,68.91
2089,2020-01-24,66.97
2090,2020-01-27,63.41
2091,2020-01-28,65.28
2092,2020-01-29,65.19
2093,2020-01-30,65.76
2094,2020-01-31,61.94
2095,2020-02-03,63.23
2096,2020-02-04,64.88
2097,2020-02-05,66.23
2098,2020-02-06,66.53
2099,2020-02-07,65.98
2100,2020-02-10,66.38
2101,2020-02-11,66.41
2102,2020-02-12,68.07
2103,2020-02-13,67.38
2104,2020-02-14,67.84
2105,2020-02-18,67.1
2106,2020-02-19,67.66
2107,2020-02-20,66.45
2108,2020-02-21,64.38
2109,2020-02-24,58.27
2110,2020-02-25,55.63
2111,2020-02-26,56.39
2112,2020-02-27,51.94
2113,2020-02-28,50.74
2114,2020-03-02,51.77
2115,2020-03-03,48.86
2116,2020-03-04,50.21
2117,2020-03-05,46.31
2118,2020-03-06,43.87
2119,2020-03-09,38.42
2120,2020-03-10,40.31
2121,2020-03-11,37.78
2122,2020-03-12,33.3
2123,2020-03-13,35.08
2124,2020-03-16,28.23
2125,2020-03-17,28.89
2126,2020-03-18,26.27
2127,2020-03-19,27.69
2128,2020-03-20,28.11
2129,2020-03-23,30.25
2130,2020-03-24,31.32
2131,2020-03-25,30.13
2132,2020-03-26,31.35
2133,2020-03-27,29.85
2134,2020-03-30,30.25
2135,2020-03-31,31.01
2136,2020-04-01,29.7
2137,2020-04-02,30.46
2138,2020-04-03,31.11
2139,2020-04-06,32.23
2140,2020-04-07,31.73
2141,2020-04-08,32.06
2142,2020-04-09,32.35
2143,2020-04-13,32.7
2144,2020-04-14,34.07
2145,2020-04-15,32.55
2146,2020-04-16,32.47
2147,2020-04-17,33.16
2148,2020-04-20,31.41
2149,2020-04-21,30.14
2150,2020-04-22,30.86
2151,2020-04-23,30.89
2152,2020-04-24,31.73
2153,2020-04-27,32.97
2154,2020-04-28,32.64
2155,2020-04-29,33.69
2156,2020-04-30,33.12
2157,2020-05-01,31.61
2158,2020-05-04,31.93
2159,2020-05-05,32.6
2160,2020-05-06,32.32
2161,2020-05-07,33.05
2162,2020-05-08,34.21
2163,2020-05-11,35.35
2164,2020-05-12,33.5
2165,2020-05-13,31.71
2166,2020-05-14,32.54
2167,2020-05-15,32.96
2168,2020-05-18,33.99
2169,2020-05-19,33.06
2170,2020-05-20,34.07
2171,2020-05-21,33.7
2172,2020-05-22,33.8
2173,2020-05-26,33.98
2174,2020-05-27,34.38
2175,2020-05-28,33.67
2176,2020-05-29,34.32
2177,2020-06-01,34.15
2178,2020-06-02,34.62
2179,2020-06-03,35.41
2180,2020-06-04,35.54
2181,2020-06-05,36.48
2182,2020-06-08,36.07
2183,2020-06-09,35.17
2184,2020-06-10,35.26
2185,2020-06-11,29.29
2186,2020-06-12,29.8
2187,2020-06-15,30.2
2188,2020-06-16,30.54
2189,2020-06-17,30.51
2190,2020-06-18,30.76
2191,2020-06-19,30.51
2192,2020-06-22,31.19
2193,2020-06-23,31.4
2194,2020-06-24,30.33
2195,2020-06-25,30.96
2196,2020-06-26,30.03
2197,2020-06-29,30.71
2198,2020-06-30,31.5
2199,2020-07-01,31.96
2200,2020-07-02,32.24
2201,2020-07-06,32.2
2202,2020-07-07,31.65
2203,2020-07-08,32.06
2204,2020-07-09,31.79
2205,2020-07-10,32.21
2206,2020-07-13,30.68
2207,2020-07-14,31.58
2208,2020-07-15,32.02
2209,2020-07-16,32.29
2210,2020-07-17,32.85
2211,2020-07-20,33.63
2212,2020-07-21,33.42
2213,2020-07-22,33.64
2214,2020-07-23,33.06
2215,2020-07-24,32.99
2216,2020-07-27,33.48
2217,2020-07-28,33.55
2218,2020-07-29,33.86
2219,2020-07-30,33.48
2220,2020-07-31,33.94
2221,2020-08-03,33.91
2222,2020-08-04,34.43
2223,2020-08-05,34.8
2224,2020-08-06,34.99
2225,2020-08-07,35.09
2226,2020-08-10,35.57
2227,2020-08-11,34.78
2228,2020-08-12,35.74
2229,2020-08-13,35.75
2230,2020-08-14,35.76
2231,2020-08-17,36.35
2232,2020-08-18,36.54
2233,2020-08-19,36.17
2234,2020-08-20,36.39
2235,2020-08-21,36.3
2236,2020-08-24,36.36
2237,2020-08-25,36.48
2238,2020-08-26,36.05
2239,2020-08-27,35.46
2240,2020-08-28,35.56
2241,2020-08-31,34.69
2242,2020-09-01,34.42
2243,2020-09-02,33.99
2244,2020-09-03,31.69
2245,2020-09-04,33.03
2246,2020-09-08,33.45
2247,2020-09-09,34.3
2248,2020-09-10,34.08
2249,2020-09-11,35.15
2250,2020-09-14,35.48
2251,2020-09-15,35.48
2252,2020-09-16,35.55
2253,2020-09-17,35.94
2254,2020-09-18,35.96
2255,2020-09-21,35.33
2256,2020-09-22,35.2
2257,2020-09-23,34.29
2258,2020-09-24,34.62
2259,2020-09-25,35.06
2260,2020-09-28,35.12
2261,2020-09-29,35.5
2262,2020-09-30,35.5
2263,2020-10-01,35.36
2264,2020-10-02,34.87
2265,2020-10-05,35.38
2266,2020-10-06,35.15
2267,2020-10-07,35.72
2268,2020-10-08,36.43
2269,2020-10-09,37.38
2270,2020-10-12,37.71
2271,2020-10-13,37.52
2272,2020-10-14,37.64
2273,2020-10-15,37.48
2274,2020-10-16,37.38
2275,2020-10-19,36.55
2276,2020-10-20,36.54
2277,2020-10-21,37.0
2278,2020-10-22,37.42
2279,2020-10-23,37.4
2280,2020-10-26,35.48
2281,2020-10-27,35.63
2282,2020-10-28,33.07
2283,2020-10-29,34.33
2284,2020-10-30,33.73
2285,2020-11-02,34.13
2286,2020-11-03,35.04
2287,2020-11-04,36.54
2288,2020-11-05,36.86
2289,2020-11-06,38.13
2290,2020-11-09,38.52
2291,2020-11-10,39.13
2292,2020-11-11,39.57
2293,2020-11-12,38.15
2294,2020-11-13,39.39
2295,2020-11-16,39.8
2296,2020-11-17,40.18
2297,2020-11-18,39.42
2298,2020-11-19,39.78
2299,2020-11-20,39.81
2300,2020-11-23,40.04
2301,2020-11-24,40.4
2302,2020-11-25,41.15
2303,2020-11-27,40.99
2304,2020-11-30,41.35
2305,2020-12-01,41.16
2306,2020-12-02,41.33
2307,2020-12-03,41.09
2308,2020-12-04,41.42
2309,2020-12-07,41.35
2310,2020-12-08,42.05
2311,2020-12-09,41.24
2312,2020-12-10,41.06
2313,2020-12-11,40.31
2314,2020-12-14,39.85
2315,2020-12-15,40.65
2316,2020-12-16,41.4
2317,2020-12-17,41.71
2318,2020-12-18,41.23
2319,2020-12-21,39.59
2320,2020-12-22,40.0
2321,2020-12-23,40.86
2322,2020-12-24,41.5
2323,2020-12-28,41.65
2324,2020-12-29,40.68
2325,2020-12-30,41.43
2326,2020-12-31,41.44
2327,2021-01-04,39.65
2328,2021-01-05,40.28
2329,2021-01-06,40.39
2330,2021-01-07,41.57
2331,2021-01-08,41.82
2332,2021-01-11,40.85
2333,2021-01-12,41.23
2334,2021-01-13,41.58
2335,2021-01-14,41.33
2336,2021-01-15,40.73
2337,2021-01-19,41.22
2338,2021-01-20,41.68
2339,2021-01-21,41.83
2340,2021-01-22,41.59
2341,2021-01-25,40.72
2342,2021-01-26,40.8
2343,2021-01-27,36.5
2344,2021-01-28,36.86
2345,2021-01-29,36.01
2346,2021-02-01,36.99
2347,2021-02-02,38.57
2348,2021-02-03,39.57
2349,2021-02-04,40.44
2350,2021-02-05,40.49
2351,2021-02-08,40.65
2352,2021-02-09,40.55
2353,2021-02-10,40.06
2354,2021-02-11,40.65
2355,2021-02-12,41.36
2356,2021-02-16,41.1
2357,2021-02-17,41.51
2358,2021-02-18,41.41
2359,2021-02-19,42.42
2360,2021-02-22,41.28
2361,2021-02-23,42.13
2362,2021-02-24,42.92
2363,2021-02-25,39.4
2364,2021-02-26,40.39
2365,2021-03-01,41.89
2366,2021-03-02,41.73
2367,2021-03-03,40.77
2368,2021-03-04,39.97
2369,2021-03-05,41.3
2370,2021-03-08,41.32
2371,2021-03-09,41.84
2372,2021-03-10,42.08
2373,2021-03-11,42.61
2374,2021-03-12,42.64
2375,2021-03-15,44.24
2376,2021-03-16,44.5
2377,2021-03-17,45.12
2378,2021-03-18,43.66
2379,2021-03-19,44.39
2380,2021-03-22,46.21
2381,2021-03-23,45.1
2382,2021-03-24,44.87
2383,2021-03-25,45.56
2384,2021-03-26,46.8
2385,2021-03-29,45.91
2386,2021-03-30,46.88
2387,2021-03-31,47.1
2388,2021-04-01,48.12
2389,2021-04-05,48.43
2390,2021-04-06,48.36
2391,2021-04-07,49.06
2392,2021-04-08,49.43
2393,2021-04-09,49.49
2394,2021-04-12,49.98
2395,2021-04-13,49.91
2396,2021-04-14,49.65
2397,2021-04-15,50.28
2398,2021-04-16,50.67
2399,2021-04-19,49.77
2400,2021-04-20,49.15
2401,2021-04-21,50.52
2402,2021-04-22,48.97
2403,2021-04-23,49.92
2404,2021-04-26,50.09
2405,2021-04-27,50.6
2406,2021-04-28,50.45
2407,2021-04-29,50.87
2408,2021-04-30,49.81
2409,2021-05-03,50.78
2410,2021-05-04,49.69
2411,2021-05-05,50.36
2412,2021-05-06,50.52
2413,2021-05-07,51.97
2414,2021-05-10,50.84
2415,2021-05-11,48.85
2416,2021-05-12,44.62
2417,2021-05-13,46.65
2418,2021-05-14,49.49
2419,2021-05-17,48.74
2420,2021-05-18,48.44
2421,2021-05-19,47.16
2422,2021-05-20,48.5
2423,2021-05-21,49.0
2424,2021-05-24,49.96
2425,2021-05-25,49.88
2426,2021-05-26,51.12
2427,2021-05-27,52.37
2428,2021-05-28,51.85
2429,2021-06-01,51.21
2430,2021-06-02,51.9
2431,2021-06-03,51.37
2432,2021-06-04,52.79
2433,2021-06-07,53.25
2434,2021-06-08,52.88
2435,2021-06-09,52.58
2436,2021-06-10,54.09
2437,2021-06-11,54.83
2438,2021-06-14,54.57
2439,2021-06-15,53.62
2440,2021-06-16,53.55
2441,2021-06-17,53.87
2442,2021-06-18,51.42
2443,2021-06-21,53.3
2444,2021-06-22,54.42
2445,2021-06-23,54.94
2446,2021-06-24,55.58
2447,2021-06-25,55.96
2448,2021-06-28,55.79
2449,2021-06-29,55.34
2450,2021-06-30,55.55
2451,2021-07-01,56.05
2452,2021-07-02,56.09
2453,2021-07-06,55.44
2454,2021-07-07,55.4
2455,2021-07-08,53.29
2456,2021-07-09,55.42
2457,2021-07-12,55.75
2458,2021-07-13,55.26
2459,2021-07-14,55.82
2460,2021-07-15,55.47
2461,2021-07-16,54.26
2462,2021-07-19,50.4
2463,2021-07-20,52.45
2464,2021-07-21,54.15
2465,2021-07-22,53.67
2466,2021-07-23,53.69
2467,2021-07-26,54.17
2468,2021-07-27,53.28
2469,2021-07-28,53.97
2470,2021-07-29,54.46
2471,2021-07-30,53.78
2472,2021-08-02,52.77
2473,2021-08-03,54.05
2474,2021-08-04,54.09
2475,2021-08-05,54.75
2476,2021-08-06,55.45
2477,2021-08-09,55.75
2478,2021-08-10,56.01
2479,2021-08-11,56.88
2480,2021-08-12,57.48
2481,2021-08-13,57.44
2482,2021-08-16,57.37
2483,2021-08-17,56.42
2484,2021-08-18,54.5
2485,2021-08-19,53.54
2486,2021-08-20,55.63
2487,2021-08-23,56.56
2488,2021-08-24,56.64
2489,2021-08-25,57.32
2490,2021-08-26,56.04
2491,2021-08-27,57.5
2492,2021-08-30,57.74
2493,2021-08-31,57.92
2494,2021-09-01,58.62
2495,2021-09-02,58.6
2496,2021-09-03,58.43
2497,2021-09-07,57.62
2498,2021-09-08,57.77
2499,2021-09-09,57.09
2500,2021-09-10,56.0
2501,2021-09-13,57.0
2502,2021-09-14,56.63
2503,2021-09-15,57.74
2504,2021-09-16,58.06
2505,2021-09-17,56.13
2506,2021-09-20,52.9
2507,2021-09-21,53.99
2508,2021-09-22,55.55
2509,2021-09-23,57.29
2510,2021-09-24,58.15
2511,2021-09-27,57.72
2512,2021-09-28,54.76
2513,2021-09-29,54.4
2514,2021-09-30,54.39
2515,2021-10-01,55.35
2516,2021-10-04,54.6
2517,2021-10-05,55.59
2518,2021-10-06,55.9
2519,2021-10-07,56.98
2520,2021-10-08,57.5
2521,2021-10-11,57.12
2522,2021-10-12,57.67
2523,2021-10-13,58.26
2524,2021-10-14,59.79
2525,2021-10-15,59.83
2526,2021-10-18,60.37
2527,2021-10-19,60.6
2528,2021-10-20,60.97
2529,2021-10-21,61.93
2530,2021-10-22,61.23
2531,2021-10-25,62.17
2532,2021-10-26,61.6
2533,2021-10-27,60.87
2534,2021-10-28,61.77
2535,2021-10-29,61.59
2536,2021-11-01,62.04
2537,2021-11-02,62.83
2538,2021-11-03,63.91
2539,2021-11-04,63.45
2540,2021-11-05,62.26
2541,2021-11-08,62.27
2542,2021-11-09,61.7
2543,2021-11-10,61.23
2544,2021-11-11,61.73
2545,2021-11-12,62.93
2546,2021-11-15,63.37
2547,2021-11-16,63.22
2548,2021-11-17,62.63
2549,2021-11-18,62.36
2550,2021-11-19,62.02
2551,2021-11-22,61.33
2552,2021-11-23,62.12
2553,2021-11-24,62.56
2554,2021-11-26,54.56
2555,2021-11-29,58.45
2556,2021-11-30,53.76
2557,2021-12-01,51.8
2558,2021-12-02,53.36
2559,2021-12-03,51.07
2560,2021-12-06,53.11
2561,2021-12-07,55.98
2562,2021-12-08,57.63
2563,2021-12-09,56.83
2564,2021-12-10,58.53
2565,2021-12-13,57.44
2566,2021-12-14,56.98
2567,2021-12-15,58.97
2568,2021-12-16,58.15
